Workbook

Sheet About
A1: BFoICStCT BAU Fraction of Industry Category Subject to Carbon Tax | B1: New Jersey | C1: 46266
A2: State abbr (derived): | B2: =IFERROR(INDEX(Keys!$A:$A,MATCH($B$1,Keys!$B:$B,0)),"") -> NJ
A4: Sources:
A6: Notes
A7: This file controls the extent to which the industry sector carbon tax is levied on each industry, per state. It can be set between 0 (industry entirely exempt) and 1 (industry entirely covered).
A9: Default (no enacted adjustment for the active state): every category = 1, no exemption, except 'agriculture and forestry 01T03' and 'water and waste 36T39' (Keys!zero_flag), which are always 0 regardless of state.
A10: If the active state has 'Adjustments to BFoICStCT' = Y on the State Policies tab (currently Oregon only -- its Climate Protection Program is fossil-only, not industry-wide): only 'oil and gas extraction 06', 'coal mining 05', and 'energy pipelines and gas processing 352T353' = 1; every other category = 0. The zero_flag categories stay 0 in this case too. See 'State Calculations'.

Sheet Keys
A1: state_abbr | B1: state_name | D1: category | E1: fossil_flag | F1: zero_flag
A2: AL | B2: Alabama | D2: agriculture and forestry 01T03 | F2: Y
A3: AR | B3: Arkansas | D3: coal mining 05 | E3: Y
A4: AZ | B4: Arizona | D4: oil and gas extraction 06 | E4: Y
A5: CA | B5: California | D5: other mining and quarrying 07T08
A6: CO | B6: Colorado | D6: food beverage and tobacco 10T12
A7: CT | B7: Connecticut | D7: textiles apparel and leather 13T15
A8: DE | B8: Delaware | D8: wood products 16
A9: FL | B9: Florida | D9: pulp paper and printing 17T18
A10: GA | B10: Georgia | D10: refined petroleum and coke 19
A11: IA | B11: Iowa | D11: chemicals 20
A12: ID | B12: Idaho | D12: rubber and plastic products 22
A13: IL | B13: Illinois | D13: glass and glass products 231
A14: IN | B14: Indiana | D14: cement and other nonmetallic minerals 239
A15: KS | B15: Kansas | D15: iron and steel 241
A16: KY | B16: Kentucky | D16: other metals 242
... A23: MO | B23: Missouri | D23: other manufacturing 31T33
A24: MS | B24: Mississippi | D24: energy pipelines and gas processing 352T353 | E24: Y
A25: MT | B25: Montana | D25: water and waste 36T39 | F25: Y
A26: NC | B26: North Carolina | D26: construction 41T43
A27: ND | B27: North Dakota
A28: NE | B28: Nebraska
A29: NH | B29: New Hampshire
A30: NJ | B30: New Jersey
A31: NM | B31: New Mexico
A32: NV | B32: Nevada
A33: NY | B33: New York
A34: OH | B34: Ohio
A35: OK | B35: Oklahoma
A36: OR | B36: Oregon
A37: PA | B37: Pennsylvania
A38: RI | B38: Rhode Island
... A49: WY | B49: Wyoming

Sheet State Policies
A1: Policy | B1: State | C1: Year Enacted | D1: old policy notes | E1: old policy quant notes | F1: Updated policy notes | G1: RGGI BCTR | H1: State specific BCTR | I1: Adjustments to BFoICStCT | J1: State Abbreviation | K1: Policy Status | L1: Description | M1: category | N1: latest policy link | O1: latest policy name | P1: latest policy year | Q1: eps file name short | R1: eps file name long | S1: eps file notes | T1: new state policy | U1: policy type previously modeled | V1: new cxc policy type | W1: downscaled policy | X1: update action
A2: Carbon Pollution Pricing | B2: California | C2: 2025 | D2: Already modeled in downscale | E2: CA prices used | F2: Already modeled in downscale | H2: Y | J2: CA | K2: enacted | L2: California's Cap-and-Trade Program covers the electricity, buildings, transportation, and industrial sectors, covering around 80% of state emissions. 2025 law extends the program through 2045. | M2: Cross Sector | N2: https://ww2.arb.ca.gov/our-work/programs/cap-and-trade-program | O2: California's Cap-and-Trade Program | P2: 2025 | Q2: BCTR; BFoICStCT | R2: BAU Carbon Tax Rate; BAU Fraction of Industry Category Subject to Carbon Tax | S2: Cap-and-trade/carbon price maps to BAU Carbon Tax Rate | T2: Y | U2: Y | V2: N | W2: Y | X2: possible action, check that updated policy is modeled in downscaled EPS
A3: Carbon Pollution Pricing | B3: Colorado | C3: 2023 | D3: Already modeled in downscale | E3: Co prices used | F3: Already modeled in downscale | H3: Y | J3: CO | K3: enacted | L3: Colorado's baseline-and-credit trading system allows industrial sources emitting over 25,000 metric tons of CO2e per year to generate and purchase credits generated when these sources reduce their emissions more than required for 2030. The system also allows gas distribution utilities to purchase recovered methane credits from eligible projects for use towards their clean heat targets. The industrial market will also expand to allow for midstream oil and gas operators to participate in 2028. | M3: Cross Sector | N3: https://www.sos.state.co.us/CCR/DisplayRule.do?action=ruleinfo&ruleId=3412&deptID=16&agencyID=7&deptName=Department%20of%20Public%20Health%20and%20Environment&agencyName=Air%20Quality%20Control%20Commission&seriesNum=5%20CCR%201001-31 | O3: Colorado Air Quality Control Commission Regulation Number 27, Part D | P3: 2023 | Q3: BCTR; BFoICStCT | R3: BAU Carbon Tax Rate; BAU Fraction of Industry Category Subject to Carbon Tax | S3: Cap-and-trade/carbon price maps to BAU Carbon Tax Rate | T3: Y | U3: Y | V3: N | W3: Y | X3: possible action, check that updated policy is modeled in downscaled EPS
A4: Carbon Pollution Pricing | B4: Connecticut | C4: 2005 | D4: RGGI, already modeled in downscale | E4: RGGI auction prices used | F4: RGGI, already modeled in downscale | G4: Y | J4: CT | K4: enacted | L4: The Regional Greenhouse Gas Initiative (RGGI) covers the electricity sector. | M4: Cross Sector | N4: https://www.rggi.org/ | O4: The Regional Greenhouse Gas Initiative (RGGI) | P4: 2022 | Q4: BCTR; BFoICStCT | R4: BAU Carbon Tax Rate; BAU Fraction of Industry Category Subject to Carbon Tax | S4: Cap-and-trade/carbon price maps to BAU Carbon Tax Rate | T4: N | U4: Y | V4: N | W4: Y | X4: possible action, check that updated policy is modeled in downscaled EPS
A5: Carbon Pollution Pricing | B5: Delaware | C5: 2005 | D5: RGGI, already modeled in downscale | E5: RGGI auction prices used | F5: RGGI, already modeled in downscale | G5: Y | J5: DE | K5: enacted | L5: The Regional Greenhouse Gas Initiative (RGGI) covers the electricity sector. | M5: Cross Sector | N5: https://www.rggi.org/ | O5: The Regional Greenhouse Gas Initiative (RGGI) | P5: 2018 | Q5: BCTR; BFoICStCT | R5: BAU Carbon Tax Rate; BAU Fraction of Industry Category Subject to Carbon Tax | S5: Cap-and-trade/carbon price maps to BAU Carbon Tax Rate | T5: N | U5: Y | V5: N | W5: Y | X5: possible action, check that updated policy is modeled in downscaled EPS
A6: Carbon Pollution Pricing | B6: Maine | C6: 2005 | D6: RGGI, already modeled in downscale | E6: RGGI auction prices used | F6: RGGI, already modeled in downscale | G6: Y | J6: ME | K6: enacted | L6: The Regional Greenhouse Gas Initiative (RGGI) covers the electricity sector. | M6: Cross Sector | N6: https://www.rggi.org/ | O6: The Regional Greenhouse Gas Initiative (RGGI) | P6: 2020 | Q6: BCTR; BFoICStCT | R6: BAU Carbon Tax Rate; BAU Fraction of Industry Category Subject to Carbon Tax | S6: Cap-and-trade/carbon price maps to BAU Carbon Tax Rate | T6: N | U6: Y | V6: N | W6: Y | X6: possible action, check that updated policy is modeled in downscaled EPS
A7: Carbon Pollution Pricing | B7: Maryland | C7: 2007 | D7: RGGI, already modeled in downscale | E7: RGGI auction prices used | F7: RGGI, already modeled in downscale | G7: Y | J7: MD | K7: enacted | L7: The Regional Greenhouse Gas Initiative (RGGI) covers the electricity sector. | M7: Cross Sector | N7: https://www.rggi.org/ | O7: The Regional Greenhouse Gas Initiative (RGGI) | P7: 2007 | Q7: BCTR; BFoICStCT | R7: BAU Carbon Tax Rate; BAU Fraction of Industry Category Subject to Carbon Tax | S7: Cap-and-trade/carbon price maps to BAU Carbon Tax Rate | T7: N | U7: Y | V7: N | W7: Y | X7: possible action, check that updated policy is modeled in downscaled EPS
A8: Carbon Pollution Pricing | B8: Massachusetts | C8: 2007 | D8: RGGI, already modeled in downscale | E8: RGGI auction prices used | F8: RGGI, already modeled in downscale | G8: Y | J8: MA | K8: enacted | L8: The Regional Greenhouse Gas Initiative (RGGI) covers the electricity sector. | M8: Cross Sector | N8: https://www.rggi.org/ | O8: The Regional Greenhouse Gas Initiative (RGGI) | P8: 2024 | Q8: BCTR; BFoICStCT | R8: BAU Carbon Tax Rate; BAU Fraction of Industry Category Subject to Carbon Tax | S8: Cap-and-trade/carbon price maps to BAU Carbon Tax Rate | T8: N | U8: Y | V8: N | W8: Y | X8: possible action, check that updated policy is modeled in downscaled EPS
A9: Carbon Pollution Pricing | B9: New Hampshire | C9: 2005 | D9: RGGI, already modeled in downscale | E9: RGGI auction prices used | F9: RGGI, already modeled in downscale | G9: Y | J9: NH | K9: enacted | L9: The Regional Greenhouse Gas Initiative (RGGI) covers the electricity sector. | M9: Cross Sector | N9: https://www.rggi.org/ | O9: The Regional Greenhouse Gas Initiative (RGGI) | P9: 2022 | Q9: BCTR; BFoICStCT | R9: BAU Carbon Tax Rate; BAU Fraction of Industry Category Subject to Carbon Tax | S9: Cap-and-trade/carbon price maps to BAU Carbon Tax Rate | T9: N | U9: Y | V9: N | W9: Y | X9: possible action, check that updated policy is modeled in downscaled EPS
A10: Carbon Pollution Pricing | B10: New Jersey | C10: 2020 | D10: RGGI, already modeled in downscale | E10: RGGI auction prices used | F10: RGGI, already modeled in downscale | G10: Y | J10: NJ | K10: enacted | L10: The Regional Greenhouse Gas Initiative (RGGI) covers the electricity sector. | M10: Cross Sector | N10: https://www.rggi.org/ | O10: The Regional Greenhouse Gas Initiative (RGGI) | P10: 2019 | Q10: BCTR; BFoICStCT | R10: BAU Carbon Tax Rate; BAU Fraction of Industry Category Subject to Carbon Tax | S10: Cap-and-trade/carbon price maps to BAU Carbon Tax Rate | T10: N | U10: Y | V10: N | W10: Y | X10: possible action, check that updated policy is modeled in downscaled EPS
A11: Carbon Pollution Pricing | B11: New York | C11: 2005 | D11: RGGI, already modeled in downscale | E11: RGGI auction prices used | F11: RGGI, already modeled in downscale | G11: Y | J11: NY | K11: enacted | L11: The Regional Greenhouse Gas Initiative (RGGI) covers the electricity sector. The state is also developing an economywide cap-and-invest program, with implementation beginning in 2026, per a court ruling. | M11: Cross Sector | N11: https://dec.ny.gov/environmental-protection/air-quality/mandatory-greenhouse-gas-reporting | O11: 6 NYCRR Part 253 - Mandatory Greenhouse Gas Reporting | P11: 2025 | Q11: BCTR; BFoICStCT | R11: BAU Carbon Tax Rate; BAU Fraction of Industry Category Subject to Carbon Tax | S11: Cap-and-trade/carbon price maps to BAU Carbon Tax Rate | T11: Y | U11: Y | V11: N | W11: Y | X11: possible action, check that updated policy is modeled in downscaled EPS
A12: Carbon Pollution Pricing | B12: Oregon | C12: 2024 | D12: Excluded from BCTR due to subsector (fossil)-only policy | F12: Need to model fossil-only in industry sector in BFoICStCT | H12: Y | I12: Y | J12: OR | K12: enacted | L12: The Climate Protection Program sets an enforceable declining cap on greenhouse gas emissions from fossil fuels used throughout Oregon, including diesel, gasoline, and natural gas. The program is designed to reduce these emissions by 50% by 2035 and 90% by 2050. | M12: Cross Sector | N12: https://www.oregon.gov/deq/ghgp/cpp/pages/default.aspx | O12: Oregon's Climate Protection Program | P12: 2024 | Q12: BCTR; BFoICStCT | R12: BAU Carbon Tax Rate; BAU Fraction of Industry Category Subject to Carbon Tax | S12: Cap-and-trade/carbon price maps to BAU Carbon Tax Rate | T12: Y | U12: Y | V12: N | W12: Y | X12: possible action, check that updated policy is modeled in downscaled EPS
A13: Carbon Pollution Pricing | B13: Rhode Island | C13: 2007 | D13: RGGI, already modeled in downscale | E13: RGGI auction prices used | F13: RGGI, already modeled in downscale | G13: Y | J13: RI | K13: enacted | L13: The Regional Greenhouse Gas Initiative (RGGI) covers the electricity sector. | M13: Cross Sector | N13: https://www.rggi.org/ | O13: The Regional Greenhouse Gas Initiative (RGGI) | P13: 2023 | Q13: BCTR; BFoICStCT | R13: BAU Carbon Tax Rate; BAU Fraction of Industry Category Subject to Carbon Tax | S13: Cap-and-trade/carbon price maps to BAU Carbon Tax Rate | T13: N | U13: Y | V13: N | W13: Y | X13: possible action, check that updated policy is modeled in downscaled EPS
A14: Carbon Pollution Pricing | B14: Vermont | C14: 2005 | D14: RGGI, already modeled in downscale | E14: RGGI auction prices used | F14: RGGI, already modeled in downscale | G14: Y | J14: VT | K14: enacted | L14: The Regional Greenhouse Gas Initiative (RGGI) covers the electricity sector. Pursuant to Act 148 (H.868), the state issued a study whether to expand regional cap-and-invest program to other sectors, potentially including transportation and heating. The report notes that benefits of a cap-and-invest program would not be fully realized until the mid-2030s, and could not contribute to the 2030 GWSA target, but would more likely to support the 2050 target. | M14: Cross Sector | N14: https://outside.vermont.gov/agency/anr/climatecouncil/Shared%20Documents/Vermont_Climate_Council/VT%20Cap-and-Invest%20Report_Final.pdf?_gl=1*1qbg1cv*_ga*MTk0ODE1MjkwNS4xNzM3NTcyODcy*_ga_V9WQH77KLW*MTc0MTIyNDU2OC4zLjEuMTc0MTIyNTYxOC4wLjAuMA. | O14: Assessment of a Cap-and-Invest Program for Vermont | P14: 2025 | Q14: BCTR; BFoICStCT | R14: BAU Carbon Tax Rate; BAU Fraction of Industry Category Subject to Carbon Tax | S14: Cap-and-trade/carbon price maps to BAU Carbon Tax Rate | T14: Y | U14: Y | V14: N | W14: Y | X14: possible action, check that updated policy is modeled in downscaled EPS
A15: Carbon Pollution Pricing | B15: Washington | C15: 2023 | D15: Already modeled in downscale | E15: WA prices used | F15: Already modeled in downscale | H15: Y | J15: WA | K15: enacted | L15: Washington's Cap-and-Invest Program covers the electricity, buildings, transportation, and industrial sectors, covering around 75% of state emissions. | M15: Cross Sector | N15: https://app.leg.wa.gov/billsummary?BillNumber=1975&Year=2025 | O15: HB 1975 | P15: 2025 | Q15: BCTR; BFoICStCT | R15: BAU Carbon Tax Rate; BAU Fraction of Industry Category Subject to Carbon Tax | S15: Cap-and-trade/carbon price maps to BAU Carbon Tax Rate | T15: Y | U15: Y | V15: N | W15: Y | X15: possible action, check that updated policy is modeled in downscaled EPS

Sheet State Calculations
A1: Unit: dimensionless | B1: 2021 | C1: 2022 | D1: 2023 | E1: 2024 | F1: 2025 | G1: 2026 | H1: 2027 | I1: 2028 | J1: 2029 | K1: 2030 | L1: 2031 | M1: 2032 | N1: 2033 | O1: 2034 | P1: 2035 | Q1: 2036 | R1: 2037 | S1: 2038 | T1: 2039 | U1: 2040 | V1: 2041 | W1: 2042 | X1: 2043 | Y1: 2044 | Z1: 2045 | AA1: 2046 | AB1: 2047 | AC1: 2048 | AD1: 2049 | AE1: 2050
A2: =Keys!$D2 -> agriculture and forestry 01T03 | B2: =IF(INDEX(Keys!$F:$F,MATCH($A2,Keys!$D:$D,0))="Y",0,IF($B28=1,IF(INDEX(Keys!$E:$E,MATCH($A2,Keys!$D:$D,0))="Y",1,0),1)) -> 0 | C2: =IF(INDEX(Keys!$F:$F,MATCH($A2,Keys!$D:$D,0))="Y",0,IF($B28=1,IF(INDEX(Keys!$E:$E,MATCH($A2,Keys!$D:$D,0))="Y",1,0),1)) -> 0 | D2: =IF(INDEX(Keys!$F:$F,MATCH($A2,Keys!$D:$D,0))="Y",0,IF($B28=1,IF(INDEX(Keys!$E:$E,MATCH($A2,Keys!$D:$D,0))="Y",1,0),1)) -> 0 | E2: =IF(INDEX(Keys!$F:$F,MATCH($A2,Keys!$D:$D,0))="Y",0,IF($B28=1,IF(INDEX(Keys!$E:$E,MATCH($A2,Keys!$D:$D,0))="Y",1,0),1)) -> 0 | F2: =IF(INDEX(Keys!$F:$F,MATCH($A2,Keys!$D:$D,0))="Y",0,IF($B28=1,IF(INDEX(Keys!$E:$E,MATCH($A2,Keys!$D:$D,0))="Y",1,0),1)) -> 0 | G2: =IF(INDEX(Keys!$F:$F,MATCH($A2,Keys!$D:$D,0))="Y",0,IF($B28=1,IF(INDEX(Keys!$E:$E,MATCH($A2,Keys!$D:$D,0))="Y",1,0),1)) -> 0 | H2: =IF(INDEX(Keys!$F:$F,MATCH($A2,Keys!$D:$D,0))="Y",0,IF($B28=1,IF(INDEX(Keys!$E:$E,MATCH($A2,Keys!$D:$D,0))="Y",1,0),1)) -> 0 | I2: =IF(INDEX(Keys!$F:$F,MATCH($A2,Keys!$D:$D,0))="Y",0,IF($B28=1,IF(INDEX(Keys!$E:$E,MATCH($A2,Keys!$D:$D,0))="Y",1,0),1)) -> 0 | ... AE2: =IF(INDEX(Keys!$F:$F,MATCH($A2,Keys!$D:$D,0))="Y",0,IF($B28=1,IF(INDEX(Keys!$E:$E,MATCH($A2,Keys!$D:$D,0))="Y",1,0),1)) -> 0
A3: =Keys!$D3 -> coal mining 05 | B3: =IF(INDEX(Keys!$F:$F,MATCH($A3,Keys!$D:$D,0))="Y",0,IF($B28=1,IF(INDEX(Keys!$E:$E,MATCH($A3,Keys!$D:$D,0))="Y",1,0),1)) -> 1 | C3: =IF(INDEX(Keys!$F:$F,MATCH($A3,Keys!$D:$D,0))="Y",0,IF($B28=1,IF(INDEX(Keys!$E:$E,MATCH($A3,Keys!$D:$D,0))="Y",1,0),1)) -> 1 | D3: =IF(INDEX(Keys!$F:$F,MATCH($A3,Keys!$D:$D,0))="Y",0,IF($B28=1,IF(INDEX(Keys!$E:$E,MATCH($A3,Keys!$D:$D,0))="Y",1,0),1)) -> 1 | E3: =IF(INDEX(Keys!$F:$F,MATCH($A3,Keys!$D:$D,0))="Y",0,IF($B28=1,IF(INDEX(Keys!$E:$E,MATCH($A3,Keys!$D:$D,0))="Y",1,0),1)) -> 1 | F3: =IF(INDEX(Keys!$F:$F,MATCH($A3,Keys!$D:$D,0))="Y",0,IF($B28=1,IF(INDEX(Keys!$E:$E,MATCH($A3,Keys!$D:$D,0))="Y",1,0),1)) -> 1 | G3: =IF(INDEX(Keys!$F:$F,MATCH($A3,Keys!$D:$D,0))="Y",0,IF($B28=1,IF(INDEX(Keys!$E:$E,MATCH($A3,Keys!$D:$D,0))="Y",1,0),1)) -> 1 | H3: =IF(INDEX(Keys!$F:$F,MATCH($A3,Keys!$D:$D,0))="Y",0,IF($B28=1,IF(INDEX(Keys!$E:$E,MATCH($A3,Keys!$D:$D,0))="Y",1,0),1)) -> 1 | I3: =IF(INDEX(Keys!$F:$F,MATCH($A3,Keys!$D:$D,0))="Y",0,IF($B28=1,IF(INDEX(Keys!$E:$E,MATCH($A3,Keys!$D:$D,0))="Y",1,0),1)) -> 1 | ... AE3: =IF(INDEX(Keys!$F:$F,MATCH($A3,Keys!$D:$D,0))="Y",0,IF($B28=1,IF(INDEX(Keys!$E:$E,MATCH($A3,Keys!$D:$D,0))="Y",1,0),1)) -> 1
A4: =Keys!$D4 -> oil and gas extraction 06 | B4: =IF(INDEX(Keys!$F:$F,MATCH($A4,Keys!$D:$D,0))="Y",0,IF($B28=1,IF(INDEX(Keys!$E:$E,MATCH($A4,Keys!$D:$D,0))="Y",1,0),1)) -> 1 | C4: =IF(INDEX(Keys!$F:$F,MATCH($A4,Keys!$D:$D,0))="Y",0,IF($B28=1,IF(INDEX(Keys!$E:$E,MATCH($A4,Keys!$D:$D,0))="Y",1,0),1)) -> 1 | D4: =IF(INDEX(Keys!$F:$F,MATCH($A4,Keys!$D:$D,0))="Y",0,IF($B28=1,IF(INDEX(Keys!$E:$E,MATCH($A4,Keys!$D:$D,0))="Y",1,0),1)) -> 1 | E4: =IF(INDEX(Keys!$F:$F,MATCH($A4,Keys!$D:$D,0))="Y",0,IF($B28=1,IF(INDEX(Keys!$E:$E,MATCH($A4,Keys!$D:$D,0))="Y",1,0),1)) -> 1 | F4: =IF(INDEX(Keys!$F:$F,MATCH($A4,Keys!$D:$D,0))="Y",0,IF($B28=1,IF(INDEX(Keys!$E:$E,MATCH($A4,Keys!$D:$D,0))="Y",1,0),1)) -> 1 | G4: =IF(INDEX(Keys!$F:$F,MATCH($A4,Keys!$D:$D,0))="Y",0,IF($B28=1,IF(INDEX(Keys!$E:$E,MATCH($A4,Keys!$D:$D,0))="Y",1,0),1)) -> 1 | H4: =IF(INDEX(Keys!$F:$F,MATCH($A4,Keys!$D:$D,0))="Y",0,IF($B28=1,IF(INDEX(Keys!$E:$E,MATCH($A4,Keys!$D:$D,0))="Y",1,0),1)) -> 1 | I4: =IF(INDEX(Keys!$F:$F,MATCH($A4,Keys!$D:$D,0))="Y",0,IF($B28=1,IF(INDEX(Keys!$E:$E,MATCH($A4,Keys!$D:$D,0))="Y",1,0),1)) -> 1 | ... AE4: =IF(INDEX(Keys!$F:$F,MATCH($A4,Keys!$D:$D,0))="Y",0,IF($B28=1,IF(INDEX(Keys!$E:$E,MATCH($A4,Keys!$D:$D,0))="Y",1,0),1)) -> 1
A5: =Keys!$D5 -> other mining and quarrying 07T08 | B5: =IF(INDEX(Keys!$F:$F,MATCH($A5,Keys!$D:$D,0))="Y",0,IF($B28=1,IF(INDEX(Keys!$E:$E,MATCH($A5,Keys!$D:$D,0))="Y",1,0),1)) -> 1 | C5: =IF(INDEX(Keys!$F:$F,MATCH($A5,Keys!$D:$D,0))="Y",0,IF($B28=1,IF(INDEX(Keys!$E:$E,MATCH($A5,Keys!$D:$D,0))="Y",1,0),1)) -> 1 | D5: =IF(INDEX(Keys!$F:$F,MATCH($A5,Keys!$D:$D,0))="Y",0,IF($B28=1,IF(INDEX(Keys!$E:$E,MATCH($A5,Keys!$D:$D,0))="Y",1,0),1)) -> 1 | E5: =IF(INDEX(Keys!$F:$F,MATCH($A5,Keys!$D:$D,0))="Y",0,IF($B28=1,IF(INDEX(Keys!$E:$E,MATCH($A5,Keys!$D:$D,0))="Y",1,0),1)) -> 1 | F5: =IF(INDEX(Keys!$F:$F,MATCH($A5,Keys!$D:$D,0))="Y",0,IF($B28=1,IF(INDEX(Keys!$E:$E,MATCH($A5,Keys!$D:$D,0))="Y",1,0),1)) -> 1 | G5: =IF(INDEX(Keys!$F:$F,MATCH($A5,Keys!$D:$D,0))="Y",0,IF($B28=1,IF(INDEX(Keys!$E:$E,MATCH($A5,Keys!$D:$D,0))="Y",1,0),1)) -> 1 | H5: =IF(INDEX(Keys!$F:$F,MATCH($A5,Keys!$D:$D,0))="Y",0,IF($B28=1,IF(INDEX(Keys!$E:$E,MATCH($A5,Keys!$D:$D,0))="Y",1,0),1)) -> 1 | I5: =IF(INDEX(Keys!$F:$F,MATCH($A5,Keys!$D:$D,0))="Y",0,IF($B28=1,IF(INDEX(Keys!$E:$E,MATCH($A5,Keys!$D:$D,0))="Y",1,0),1)) -> 1 | ... AE5: =IF(INDEX(Keys!$F:$F,MATCH($A5,Keys!$D:$D,0))="Y",0,IF($B28=1,IF(INDEX(Keys!$E:$E,MATCH($A5,Keys!$D:$D,0))="Y",1,0),1)) -> 1
A6: =Keys!$D6 -> food beverage and tobacco 10T12 | B6: =IF(INDEX(Keys!$F:$F,MATCH($A6,Keys!$D:$D,0))="Y",0,IF($B28=1,IF(INDEX(Keys!$E:$E,MATCH($A6,Keys!$D:$D,0))="Y",1,0),1)) -> 1 | C6: =IF(INDEX(Keys!$F:$F,MATCH($A6,Keys!$D:$D,0))="Y",0,IF($B28=1,IF(INDEX(Keys!$E:$E,MATCH($A6,Keys!$D:$D,0))="Y",1,0),1)) -> 1 | D6: =IF(INDEX(Keys!$F:$F,MATCH($A6,Keys!$D:$D,0))="Y",0,IF($B28=1,IF(INDEX(Keys!$E:$E,MATCH($A6,Keys!$D:$D,0))="Y",1,0),1)) -> 1 | E6: =IF(INDEX(Keys!$F:$F,MATCH($A6,Keys!$D:$D,0))="Y",0,IF($B28=1,IF(INDEX(Keys!$E:$E,MATCH($A6,Keys!$D:$D,0))="Y",1,0),1)) -> 1 | F6: =IF(INDEX(Keys!$F:$F,MATCH($A6,Keys!$D:$D,0))="Y",0,IF($B28=1,IF(INDEX(Keys!$E:$E,MATCH($A6,Keys!$D:$D,0))="Y",1,0),1)) -> 1 | G6: =IF(INDEX(Keys!$F:$F,MATCH($A6,Keys!$D:$D,0))="Y",0,IF($B28=1,IF(INDEX(Keys!$E:$E,MATCH($A6,Keys!$D:$D,0))="Y",1,0),1)) -> 1 | H6: =IF(INDEX(Keys!$F:$F,MATCH($A6,Keys!$D:$D,0))="Y",0,IF($B28=1,IF(INDEX(Keys!$E:$E,MATCH($A6,Keys!$D:$D,0))="Y",1,0),1)) -> 1 | I6: =IF(INDEX(Keys!$F:$F,MATCH($A6,Keys!$D:$D,0))="Y",0,IF($B28=1,IF(INDEX(Keys!$E:$E,MATCH($A6,Keys!$D:$D,0))="Y",1,0),1)) -> 1 | ... AE6: =IF(INDEX(Keys!$F:$F,MATCH($A6,Keys!$D:$D,0))="Y",0,IF($B28=1,IF(INDEX(Keys!$E:$E,MATCH($A6,Keys!$D:$D,0))="Y",1,0),1)) -> 1
A7: =Keys!$D7 -> textiles apparel and leather 13T15 | B7: =IF(INDEX(Keys!$F:$F,MATCH($A7,Keys!$D:$D,0))="Y",0,IF($B28=1,IF(INDEX(Keys!$E:$E,MATCH($A7,Keys!$D:$D,0))="Y",1,0),1)) -> 1 | C7: =IF(INDEX(Keys!$F:$F,MATCH($A7,Keys!$D:$D,0))="Y",0,IF($B28=1,IF(INDEX(Keys!$E:$E,MATCH($A7,Keys!$D:$D,0))="Y",1,0),1)) -> 1 | D7: =IF(INDEX(Keys!$F:$F,MATCH($A7,Keys!$D:$D,0))="Y",0,IF($B28=1,IF(INDEX(Keys!$E:$E,MATCH($A7,Keys!$D:$D,0))="Y",1,0),1)) -> 1 | E7: =IF(INDEX(Keys!$F:$F,MATCH($A7,Keys!$D:$D,0))="Y",0,IF($B28=1,IF(INDEX(Keys!$E:$E,MATCH($A7,Keys!$D:$D,0))="Y",1,0),1)) -> 1 | F7: =IF(INDEX(Keys!$F:$F,MATCH($A7,Keys!$D:$D,0))="Y",0,IF($B28=1,IF(INDEX(Keys!$E:$E,MATCH($A7,Keys!$D:$D,0))="Y",1,0),1)) -> 1 | G7: =IF(INDEX(Keys!$F:$F,MATCH($A7,Keys!$D:$D,0))="Y",0,IF($B28=1,IF(INDEX(Keys!$E:$E,MATCH($A7,Keys!$D:$D,0))="Y",1,0),1)) -> 1 | H7: =IF(INDEX(Keys!$F:$F,MATCH($A7,Keys!$D:$D,0))="Y",0,IF($B28=1,IF(INDEX(Keys!$E:$E,MATCH($A7,Keys!$D:$D,0))="Y",1,0),1)) -> 1 | I7: =IF(INDEX(Keys!$F:$F,MATCH($A7,Keys!$D:$D,0))="Y",0,IF($B28=1,IF(INDEX(Keys!$E:$E,MATCH($A7,Keys!$D:$D,0))="Y",1,0),1)) -> 1 | ... AE7: =IF(INDEX(Keys!$F:$F,MATCH($A7,Keys!$D:$D,0))="Y",0,IF($B28=1,IF(INDEX(Keys!$E:$E,MATCH($A7,Keys!$D:$D,0))="Y",1,0),1)) -> 1
A8: =Keys!$D8 -> wood products 16 | B8: =IF(INDEX(Keys!$F:$F,MATCH($A8,Keys!$D:$D,0))="Y",0,IF($B28=1,IF(INDEX(Keys!$E:$E,MATCH($A8,Keys!$D:$D,0))="Y",1,0),1)) -> 1 | C8: =IF(INDEX(Keys!$F:$F,MATCH($A8,Keys!$D:$D,0))="Y",0,IF($B28=1,IF(INDEX(Keys!$E:$E,MATCH($A8,Keys!$D:$D,0))="Y",1,0),1)) -> 1 | D8: =IF(INDEX(Keys!$F:$F,MATCH($A8,Keys!$D:$D,0))="Y",0,IF($B28=1,IF(INDEX(Keys!$E:$E,MATCH($A8,Keys!$D:$D,0))="Y",1,0),1)) -> 1 | E8: =IF(INDEX(Keys!$F:$F,MATCH($A8,Keys!$D:$D,0))="Y",0,IF($B28=1,IF(INDEX(Keys!$E:$E,MATCH($A8,Keys!$D:$D,0))="Y",1,0),1)) -> 1 | F8: =IF(INDEX(Keys!$F:$F,MATCH($A8,Keys!$D:$D,0))="Y",0,IF($B28=1,IF(INDEX(Keys!$E:$E,MATCH($A8,Keys!$D:$D,0))="Y",1,0),1)) -> 1 | G8: =IF(INDEX(Keys!$F:$F,MATCH($A8,Keys!$D:$D,0))="Y",0,IF($B28=1,IF(INDEX(Keys!$E:$E,MATCH($A8,Keys!$D:$D,0))="Y",1,0),1)) -> 1 | H8: =IF(INDEX(Keys!$F:$F,MATCH($A8,Keys!$D:$D,0))="Y",0,IF($B28=1,IF(INDEX(Keys!$E:$E,MATCH($A8,Keys!$D:$D,0))="Y",1,0),1)) -> 1 | I8: =IF(INDEX(Keys!$F:$F,MATCH($A8,Keys!$D:$D,0))="Y",0,IF($B28=1,IF(INDEX(Keys!$E:$E,MATCH($A8,Keys!$D:$D,0))="Y",1,0),1)) -> 1 | ... AE8: =IF(INDEX(Keys!$F:$F,MATCH($A8,Keys!$D:$D,0))="Y",0,IF($B28=1,IF(INDEX(Keys!$E:$E,MATCH($A8,Keys!$D:$D,0))="Y",1,0),1)) -> 1
A9: =Keys!$D9 -> pulp paper and printing 17T18 | B9: =IF(INDEX(Keys!$F:$F,MATCH($A9,Keys!$D:$D,0))="Y",0,IF($B28=1,IF(INDEX(Keys!$E:$E,MATCH($A9,Keys!$D:$D,0))="Y",1,0),1)) -> 1 | C9: =IF(INDEX(Keys!$F:$F,MATCH($A9,Keys!$D:$D,0))="Y",0,IF($B28=1,IF(INDEX(Keys!$E:$E,MATCH($A9,Keys!$D:$D,0))="Y",1,0),1)) -> 1 | D9: =IF(INDEX(Keys!$F:$F,MATCH($A9,Keys!$D:$D,0))="Y",0,IF($B28=1,IF(INDEX(Keys!$E:$E,MATCH($A9,Keys!$D:$D,0))="Y",1,0),1)) -> 1 | E9: =IF(INDEX(Keys!$F:$F,MATCH($A9,Keys!$D:$D,0))="Y",0,IF($B28=1,IF(INDEX(Keys!$E:$E,MATCH($A9,Keys!$D:$D,0))="Y",1,0),1)) -> 1 | F9: =IF(INDEX(Keys!$F:$F,MATCH($A9,Keys!$D:$D,0))="Y",0,IF($B28=1,IF(INDEX(Keys!$E:$E,MATCH($A9,Keys!$D:$D,0))="Y",1,0),1)) -> 1 | G9: =IF(INDEX(Keys!$F:$F,MATCH($A9,Keys!$D:$D,0))="Y",0,IF($B28=1,IF(INDEX(Keys!$E:$E,MATCH($A9,Keys!$D:$D,0))="Y",1,0),1)) -> 1 | H9: =IF(INDEX(Keys!$F:$F,MATCH($A9,Keys!$D:$D,0))="Y",0,IF($B28=1,IF(INDEX(Keys!$E:$E,MATCH($A9,Keys!$D:$D,0))="Y",1,0),1)) -> 1 | I9: =IF(INDEX(Keys!$F:$F,MATCH($A9,Keys!$D:$D,0))="Y",0,IF($B28=1,IF(INDEX(Keys!$E:$E,MATCH($A9,Keys!$D:$D,0))="Y",1,0),1)) -> 1 | ... AE9: =IF(INDEX(Keys!$F:$F,MATCH($A9,Keys!$D:$D,0))="Y",0,IF($B28=1,IF(INDEX(Keys!$E:$E,MATCH($A9,Keys!$D:$D,0))="Y",1,0),1)) -> 1
A10: =Keys!$D10 -> refined petroleum and coke 19 | B10: =IF(INDEX(Keys!$F:$F,MATCH($A10,Keys!$D:$D,0))="Y",0,IF($B28=1,IF(INDEX(Keys!$E:$E,MATCH($A10,Keys!$D:$D,0))="Y",1,0),1)) -> 1 | C10: =IF(INDEX(Keys!$F:$F,MATCH($A10,Keys!$D:$D,0))="Y",0,IF($B28=1,IF(INDEX(Keys!$E:$E,MATCH($A10,Keys!$D:$D,0))="Y",1,0),1)) -> 1 | D10: =IF(INDEX(Keys!$F:$F,MATCH($A10,Keys!$D:$D,0))="Y",0,IF($B28=1,IF(INDEX(Keys!$E:$E,MATCH($A10,Keys!$D:$D,0))="Y",1,0),1)) -> 1 | E10: =IF(INDEX(Keys!$F:$F,MATCH($A10,Keys!$D:$D,0))="Y",0,IF($B28=1,IF(INDEX(Keys!$E:$E,MATCH($A10,Keys!$D:$D,0))="Y",1,0),1)) -> 1 | F10: =IF(INDEX(Keys!$F:$F,MATCH($A10,Keys!$D:$D,0))="Y",0,IF($B28=1,IF(INDEX(Keys!$E:$E,MATCH($A10,Keys!$D:$D,0))="Y",1,0),1)) -> 1 | G10: =IF(INDEX(Keys!$F:$F,MATCH($A10,Keys!$D:$D,0))="Y",0,IF($B28=1,IF(INDEX(Keys!$E:$E,MATCH($A10,Keys!$D:$D,0))="Y",1,0),1)) -> 1 | H10: =IF(INDEX(Keys!$F:$F,MATCH($A10,Keys!$D:$D,0))="Y",0,IF($B28=1,IF(INDEX(Keys!$E:$E,MATCH($A10,Keys!$D:$D,0))="Y",1,0),1)) -> 1 | I10: =IF(INDEX(Keys!$F:$F,MATCH($A10,Keys!$D:$D,0))="Y",0,IF($B28=1,IF(INDEX(Keys!$E:$E,MATCH($A10,Keys!$D:$D,0))="Y",1,0),1)) -> 1 | ... AE10: =IF(INDEX(Keys!$F:$F,MATCH($A10,Keys!$D:$D,0))="Y",0,IF($B28=1,IF(INDEX(Keys!$E:$E,MATCH($A10,Keys!$D:$D,0))="Y",1,0),1)) -> 1
A11: =Keys!$D11 -> chemicals 20 | B11: =IF(INDEX(Keys!$F:$F,MATCH($A11,Keys!$D:$D,0))="Y",0,IF($B28=1,IF(INDEX(Keys!$E:$E,MATCH($A11,Keys!$D:$D,0))="Y",1,0),1)) -> 1 | C11: =IF(INDEX(Keys!$F:$F,MATCH($A11,Keys!$D:$D,0))="Y",0,IF($B28=1,IF(INDEX(Keys!$E:$E,MATCH($A11,Keys!$D:$D,0))="Y",1,0),1)) -> 1 | D11: =IF(INDEX(Keys!$F:$F,MATCH($A11,Keys!$D:$D,0))="Y",0,IF($B28=1,IF(INDEX(Keys!$E:$E,MATCH($A11,Keys!$D:$D,0))="Y",1,0),1)) -> 1 | E11: =IF(INDEX(Keys!$F:$F,MATCH($A11,Keys!$D:$D,0))="Y",0,IF($B28=1,IF(INDEX(Keys!$E:$E,MATCH($A11,Keys!$D:$D,0))="Y",1,0),1)) -> 1 | F11: =IF(INDEX(Keys!$F:$F,MATCH($A11,Keys!$D:$D,0))="Y",0,IF($B28=1,IF(INDEX(Keys!$E:$E,MATCH($A11,Keys!$D:$D,0))="Y",1,0),1)) -> 1 | G11: =IF(INDEX(Keys!$F:$F,MATCH($A11,Keys!$D:$D,0))="Y",0,IF($B28=1,IF(INDEX(Keys!$E:$E,MATCH($A11,Keys!$D:$D,0))="Y",1,0),1)) -> 1 | H11: =IF(INDEX(Keys!$F:$F,MATCH($A11,Keys!$D:$D,0))="Y",0,IF($B28=1,IF(INDEX(Keys!$E:$E,MATCH($A11,Keys!$D:$D,0))="Y",1,0),1)) -> 1 | I11: =IF(INDEX(Keys!$F:$F,MATCH($A11,Keys!$D:$D,0))="Y",0,IF($B28=1,IF(INDEX(Keys!$E:$E,MATCH($A11,Keys!$D:$D,0))="Y",1,0),1)) -> 1 | ... AE11: =IF(INDEX(Keys!$F:$F,MATCH($A11,Keys!$D:$D,0))="Y",0,IF($B28=1,IF(INDEX(Keys!$E:$E,MATCH($A11,Keys!$D:$D,0))="Y",1,0),1)) -> 1
A12: =Keys!$D12 -> rubber and plastic products 22 | B12: =IF(INDEX(Keys!$F:$F,MATCH($A12,Keys!$D:$D,0))="Y",0,IF($B28=1,IF(INDEX(Keys!$E:$E,MATCH($A12,Keys!$D:$D,0))="Y",1,0),1)) -> 1 | C12: =IF(INDEX(Keys!$F:$F,MATCH($A12,Keys!$D:$D,0))="Y",0,IF($B28=1,IF(INDEX(Keys!$E:$E,MATCH($A12,Keys!$D:$D,0))="Y",1,0),1)) -> 1 | D12: =IF(INDEX(Keys!$F:$F,MATCH($A12,Keys!$D:$D,0))="Y",0,IF($B28=1,IF(INDEX(Keys!$E:$E,MATCH($A12,Keys!$D:$D,0))="Y",1,0),1)) -> 1 | E12: =IF(INDEX(Keys!$F:$F,MATCH($A12,Keys!$D:$D,0))="Y",0,IF($B28=1,IF(INDEX(Keys!$E:$E,MATCH($A12,Keys!$D:$D,0))="Y",1,0),1)) -> 1 | F12: =IF(INDEX(Keys!$F:$F,MATCH($A12,Keys!$D:$D,0))="Y",0,IF($B28=1,IF(INDEX(Keys!$E:$E,MATCH($A12,Keys!$D:$D,0))="Y",1,0),1)) -> 1 | G12: =IF(INDEX(Keys!$F:$F,MATCH($A12,Keys!$D:$D,0))="Y",0,IF($B28=1,IF(INDEX(Keys!$E:$E,MATCH($A12,Keys!$D:$D,0))="Y",1,0),1)) -> 1 | H12: =IF(INDEX(Keys!$F:$F,MATCH($A12,Keys!$D:$D,0))="Y",0,IF($B28=1,IF(INDEX(Keys!$E:$E,MATCH($A12,Keys!$D:$D,0))="Y",1,0),1)) -> 1 | I12: =IF(INDEX(Keys!$F:$F,MATCH($A12,Keys!$D:$D,0))="Y",0,IF($B28=1,IF(INDEX(Keys!$E:$E,MATCH($A12,Keys!$D:$D,0))="Y",1,0),1)) -> 1 | ... AE12: =IF(INDEX(Keys!$F:$F,MATCH($A12,Keys!$D:$D,0))="Y",0,IF($B28=1,IF(INDEX(Keys!$E:$E,MATCH($A12,Keys!$D:$D,0))="Y",1,0),1)) -> 1
A13: =Keys!$D13 -> glass and glass products 231 | B13: =IF(INDEX(Keys!$F:$F,MATCH($A13,Keys!$D:$D,0))="Y",0,IF($B28=1,IF(INDEX(Keys!$E:$E,MATCH($A13,Keys!$D:$D,0))="Y",1,0),1)) -> 1 | C13: =IF(INDEX(Keys!$F:$F,MATCH($A13,Keys!$D:$D,0))="Y",0,IF($B28=1,IF(INDEX(Keys!$E:$E,MATCH($A13,Keys!$D:$D,0))="Y",1,0),1)) -> 1 | D13: =IF(INDEX(Keys!$F:$F,MATCH($A13,Keys!$D:$D,0))="Y",0,IF($B28=1,IF(INDEX(Keys!$E:$E,MATCH($A13,Keys!$D:$D,0))="Y",1,0),1)) -> 1 | E13: =IF(INDEX(Keys!$F:$F,MATCH($A13,Keys!$D:$D,0))="Y",0,IF($B28=1,IF(INDEX(Keys!$E:$E,MATCH($A13,Keys!$D:$D,0))="Y",1,0),1)) -> 1 | F13: =IF(INDEX(Keys!$F:$F,MATCH($A13,Keys!$D:$D,0))="Y",0,IF($B28=1,IF(INDEX(Keys!$E:$E,MATCH($A13,Keys!$D:$D,0))="Y",1,0),1)) -> 1 | G13: =IF(INDEX(Keys!$F:$F,MATCH($A13,Keys!$D:$D,0))="Y",0,IF($B28=1,IF(INDEX(Keys!$E:$E,MATCH($A13,Keys!$D:$D,0))="Y",1,0),1)) -> 1 | H13: =IF(INDEX(Keys!$F:$F,MATCH($A13,Keys!$D:$D,0))="Y",0,IF($B28=1,IF(INDEX(Keys!$E:$E,MATCH($A13,Keys!$D:$D,0))="Y",1,0),1)) -> 1 | I13: =IF(INDEX(Keys!$F:$F,MATCH($A13,Keys!$D:$D,0))="Y",0,IF($B28=1,IF(INDEX(Keys!$E:$E,MATCH($A13,Keys!$D:$D,0))="Y",1,0),1)) -> 1 | ... AE13: =IF(INDEX(Keys!$F:$F,MATCH($A13,Keys!$D:$D,0))="Y",0,IF($B28=1,IF(INDEX(Keys!$E:$E,MATCH($A13,Keys!$D:$D,0))="Y",1,0),1)) -> 1
A14: =Keys!$D14 -> cement and other nonmetallic minerals 239 | B14: =IF(INDEX(Keys!$F:$F,MATCH($A14,Keys!$D:$D,0))="Y",0,IF($B28=1,IF(INDEX(Keys!$E:$E,MATCH($A14,Keys!$D:$D,0))="Y",1,0),1)) -> 1 | C14: =IF(INDEX(Keys!$F:$F,MATCH($A14,Keys!$D:$D,0))="Y",0,IF($B28=1,IF(INDEX(Keys!$E:$E,MATCH($A14,Keys!$D:$D,0))="Y",1,0),1)) -> 1 | D14: =IF(INDEX(Keys!$F:$F,MATCH($A14,Keys!$D:$D,0))="Y",0,IF($B28=1,IF(INDEX(Keys!$E:$E,MATCH($A14,Keys!$D:$D,0))="Y",1,0),1)) -> 1 | E14: =IF(INDEX(Keys!$F:$F,MATCH($A14,Keys!$D:$D,0))="Y",0,IF($B28=1,IF(INDEX(Keys!$E:$E,MATCH($A14,Keys!$D:$D,0))="Y",1,0),1)) -> 1 | F14: =IF(INDEX(Keys!$F:$F,MATCH($A14,Keys!$D:$D,0))="Y",0,IF($B28=1,IF(INDEX(Keys!$E:$E,MATCH($A14,Keys!$D:$D,0))="Y",1,0),1)) -> 1 | G14: =IF(INDEX(Keys!$F:$F,MATCH($A14,Keys!$D:$D,0))="Y",0,IF($B28=1,IF(INDEX(Keys!$E:$E,MATCH($A14,Keys!$D:$D,0))="Y",1,0),1)) -> 1 | H14: =IF(INDEX(Keys!$F:$F,MATCH($A14,Keys!$D:$D,0))="Y",0,IF($B28=1,IF(INDEX(Keys!$E:$E,MATCH($A14,Keys!$D:$D,0))="Y",1,0),1)) -> 1 | I14: =IF(INDEX(Keys!$F:$F,MATCH($A14,Keys!$D:$D,0))="Y",0,IF($B28=1,IF(INDEX(Keys!$E:$E,MATCH($A14,Keys!$D:$D,0))="Y",1,0),1)) -> 1 | ... AE14: =IF(INDEX(Keys!$F:$F,MATCH($A14,Keys!$D:$D,0))="Y",0,IF($B28=1,IF(INDEX(Keys!$E:$E,MATCH($A14,Keys!$D:$D,0))="Y",1,0),1)) -> 1
A15: =Keys!$D15 -> iron and steel 241 | B15: =IF(INDEX(Keys!$F:$F,MATCH($A15,Keys!$D:$D,0))="Y",0,IF($B28=1,IF(INDEX(Keys!$E:$E,MATCH($A15,Keys!$D:$D,0))="Y",1,0),1)) -> 1 | C15: =IF(INDEX(Keys!$F:$F,MATCH($A15,Keys!$D:$D,0))="Y",0,IF($B28=1,IF(INDEX(Keys!$E:$E,MATCH($A15,Keys!$D:$D,0))="Y",1,0),1)) -> 1 | D15: =IF(INDEX(Keys!$F:$F,MATCH($A15,Keys!$D:$D,0))="Y",0,IF($B28=1,IF(INDEX(Keys!$E:$E,MATCH($A15,Keys!$D:$D,0))="Y",1,0),1)) -> 1 | E15: =IF(INDEX(Keys!$F:$F,MATCH($A15,Keys!$D:$D,0))="Y",0,IF($B28=1,IF(INDEX(Keys!$E:$E,MATCH($A15,Keys!$D:$D,0))="Y",1,0),1)) -> 1 | F15: =IF(INDEX(Keys!$F:$F,MATCH($A15,Keys!$D:$D,0))="Y",0,IF($B28=1,IF(INDEX(Keys!$E:$E,MATCH($A15,Keys!$D:$D,0))="Y",1,0),1)) -> 1 | G15: =IF(INDEX(Keys!$F:$F,MATCH($A15,Keys!$D:$D,0))="Y",0,IF($B28=1,IF(INDEX(Keys!$E:$E,MATCH($A15,Keys!$D:$D,0))="Y",1,0),1)) -> 1 | H15: =IF(INDEX(Keys!$F:$F,MATCH($A15,Keys!$D:$D,0))="Y",0,IF($B28=1,IF(INDEX(Keys!$E:$E,MATCH($A15,Keys!$D:$D,0))="Y",1,0),1)) -> 1 | I15: =IF(INDEX(Keys!$F:$F,MATCH($A15,Keys!$D:$D,0))="Y",0,IF($B28=1,IF(INDEX(Keys!$E:$E,MATCH($A15,Keys!$D:$D,0))="Y",1,0),1)) -> 1 | ... AE15: =IF(INDEX(Keys!$F:$F,MATCH($A15,Keys!$D:$D,0))="Y",0,IF($B28=1,IF(INDEX(Keys!$E:$E,MATCH($A15,Keys!$D:$D,0))="Y",1,0),1)) -> 1
A16: =Keys!$D16 -> other metals 242 | B16: =IF(INDEX(Keys!$F:$F,MATCH($A16,Keys!$D:$D,0))="Y",0,IF($B28=1,IF(INDEX(Keys!$E:$E,MATCH($A16,Keys!$D:$D,0))="Y",1,0),1)) -> 1 | C16: =IF(INDEX(Keys!$F:$F,MATCH($A16,Keys!$D:$D,0))="Y",0,IF($B28=1,IF(INDEX(Keys!$E:$E,MATCH($A16,Keys!$D:$D,0))="Y",1,0),1)) -> 1 | D16: =IF(INDEX(Keys!$F:$F,MATCH($A16,Keys!$D:$D,0))="Y",0,IF($B28=1,IF(INDEX(Keys!$E:$E,MATCH($A16,Keys!$D:$D,0))="Y",1,0),1)) -> 1 | E16: =IF(INDEX(Keys!$F:$F,MATCH($A16,Keys!$D:$D,0))="Y",0,IF($B28=1,IF(INDEX(Keys!$E:$E,MATCH($A16,Keys!$D:$D,0))="Y",1,0),1)) -> 1 | F16: =IF(INDEX(Keys!$F:$F,MATCH($A16,Keys!$D:$D,0))="Y",0,IF($B28=1,IF(INDEX(Keys!$E:$E,MATCH($A16,Keys!$D:$D,0))="Y",1,0),1)) -> 1 | G16: =IF(INDEX(Keys!$F:$F,MATCH($A16,Keys!$D:$D,0))="Y",0,IF($B28=1,IF(INDEX(Keys!$E:$E,MATCH($A16,Keys!$D:$D,0))="Y",1,0),1)) -> 1 | H16: =IF(INDEX(Keys!$F:$F,MATCH($A16,Keys!$D:$D,0))="Y",0,IF($B28=1,IF(INDEX(Keys!$E:$E,MATCH($A16,Keys!$D:$D,0))="Y",1,0),1)) -> 1 | I16: =IF(INDEX(Keys!$F:$F,MATCH($A16,Keys!$D:$D,0))="Y",0,IF($B28=1,IF(INDEX(Keys!$E:$E,MATCH($A16,Keys!$D:$D,0))="Y",1,0),1)) -> 1 | ... AE16: =IF(INDEX(Keys!$F:$F,MATCH($A16,Keys!$D:$D,0))="Y",0,IF($B28=1,IF(INDEX(Keys!$E:$E,MATCH($A16,Keys!$D:$D,0))="Y",1,0),1)) -> 1
A17: =Keys!$D17 -> metal products except machinery and vehicles 25 | B17: =IF(INDEX(Keys!$F:$F,MATCH($A17,Keys!$D:$D,0))="Y",0,IF($B28=1,IF(INDEX(Keys!$E:$E,MATCH($A17,Keys!$D:$D,0))="Y",1,0),1)) -> 1 | C17: =IF(INDEX(Keys!$F:$F,MATCH($A17,Keys!$D:$D,0))="Y",0,IF($B28=1,IF(INDEX(Keys!$E:$E,MATCH($A17,Keys!$D:$D,0))="Y",1,0),1)) -> 1 | D17: =IF(INDEX(Keys!$F:$F,MATCH($A17,Keys!$D:$D,0))="Y",0,IF($B28=1,IF(INDEX(Keys!$E:$E,MATCH($A17,Keys!$D:$D,0))="Y",1,0),1)) -> 1 | E17: =IF(INDEX(Keys!$F:$F,MATCH($A17,Keys!$D:$D,0))="Y",0,IF($B28=1,IF(INDEX(Keys!$E:$E,MATCH($A17,Keys!$D:$D,0))="Y",1,0),1)) -> 1 | F17: =IF(INDEX(Keys!$F:$F,MATCH($A17,Keys!$D:$D,0))="Y",0,IF($B28=1,IF(INDEX(Keys!$E:$E,MATCH($A17,Keys!$D:$D,0))="Y",1,0),1)) -> 1 | G17: =IF(INDEX(Keys!$F:$F,MATCH($A17,Keys!$D:$D,0))="Y",0,IF($B28=1,IF(INDEX(Keys!$E:$E,MATCH($A17,Keys!$D:$D,0))="Y",1,0),1)) -> 1 | H17: =IF(INDEX(Keys!$F:$F,MATCH($A17,Keys!$D:$D,0))="Y",0,IF($B28=1,IF(INDEX(Keys!$E:$E,MATCH($A17,Keys!$D:$D,0))="Y",1,0),1)) -> 1 | I17: =IF(INDEX(Keys!$F:$F,MATCH($A17,Keys!$D:$D,0))="Y",0,IF($B28=1,IF(INDEX(Keys!$E:$E,MATCH($A17,Keys!$D:$D,0))="Y",1,0),1)) -> 1 | ... AE17: =IF(INDEX(Keys!$F:$F,MATCH($A17,Keys!$D:$D,0))="Y",0,IF($B28=1,IF(INDEX(Keys!$E:$E,MATCH($A17,Keys!$D:$D,0))="Y",1,0),1)) -> 1
A18: =Keys!$D18 -> computers and electronics 26 | B18: =IF(INDEX(Keys!$F:$F,MATCH($A18,Keys!$D:$D,0))="Y",0,IF($B28=1,IF(INDEX(Keys!$E:$E,MATCH($A18,Keys!$D:$D,0))="Y",1,0),1)) -> 1 | C18: =IF(INDEX(Keys!$F:$F,MATCH($A18,Keys!$D:$D,0))="Y",0,IF($B28=1,IF(INDEX(Keys!$E:$E,MATCH($A18,Keys!$D:$D,0))="Y",1,0),1)) -> 1 | D18: =IF(INDEX(Keys!$F:$F,MATCH($A18,Keys!$D:$D,0))="Y",0,IF($B28=1,IF(INDEX(Keys!$E:$E,MATCH($A18,Keys!$D:$D,0))="Y",1,0),1)) -> 1 | E18: =IF(INDEX(Keys!$F:$F,MATCH($A18,Keys!$D:$D,0))="Y",0,IF($B28=1,IF(INDEX(Keys!$E:$E,MATCH($A18,Keys!$D:$D,0))="Y",1,0),1)) -> 1 | F18: =IF(INDEX(Keys!$F:$F,MATCH($A18,Keys!$D:$D,0))="Y",0,IF($B28=1,IF(INDEX(Keys!$E:$E,MATCH($A18,Keys!$D:$D,0))="Y",1,0),1)) -> 1 | G18: =IF(INDEX(Keys!$F:$F,MATCH($A18,Keys!$D:$D,0))="Y",0,IF($B28=1,IF(INDEX(Keys!$E:$E,MATCH($A18,Keys!$D:$D,0))="Y",1,0),1)) -> 1 | H18: =IF(INDEX(Keys!$F:$F,MATCH($A18,Keys!$D:$D,0))="Y",0,IF($B28=1,IF(INDEX(Keys!$E:$E,MATCH($A18,Keys!$D:$D,0))="Y",1,0),1)) -> 1 | I18: =IF(INDEX(Keys!$F:$F,MATCH($A18,Keys!$D:$D,0))="Y",0,IF($B28=1,IF(INDEX(Keys!$E:$E,MATCH($A18,Keys!$D:$D,0))="Y",1,0),1)) -> 1 | ... AE18: =IF(INDEX(Keys!$F:$F,MATCH($A18,Keys!$D:$D,0))="Y",0,IF($B28=1,IF(INDEX(Keys!$E:$E,MATCH($A18,Keys!$D:$D,0))="Y",1,0),1)) -> 1
A19: =Keys!$D19 -> appliances and electrical equipment 27 | B19: =IF(INDEX(Keys!$F:$F,MATCH($A19,Keys!$D:$D,0))="Y",0,IF($B28=1,IF(INDEX(Keys!$E:$E,MATCH($A19,Keys!$D:$D,0))="Y",1,0),1)) -> 1 | C19: =IF(INDEX(Keys!$F:$F,MATCH($A19,Keys!$D:$D,0))="Y",0,IF($B28=1,IF(INDEX(Keys!$E:$E,MATCH($A19,Keys!$D:$D,0))="Y",1,0),1)) -> 1 | D19: =IF(INDEX(Keys!$F:$F,MATCH($A19,Keys!$D:$D,0))="Y",0,IF($B28=1,IF(INDEX(Keys!$E:$E,MATCH($A19,Keys!$D:$D,0))="Y",1,0),1)) -> 1 | E19: =IF(INDEX(Keys!$F:$F,MATCH($A19,Keys!$D:$D,0))="Y",0,IF($B28=1,IF(INDEX(Keys!$E:$E,MATCH($A19,Keys!$D:$D,0))="Y",1,0),1)) -> 1 | F19: =IF(INDEX(Keys!$F:$F,MATCH($A19,Keys!$D:$D,0))="Y",0,IF($B28=1,IF(INDEX(Keys!$E:$E,MATCH($A19,Keys!$D:$D,0))="Y",1,0),1)) -> 1 | G19: =IF(INDEX(Keys!$F:$F,MATCH($A19,Keys!$D:$D,0))="Y",0,IF($B28=1,IF(INDEX(Keys!$E:$E,MATCH($A19,Keys!$D:$D,0))="Y",1,0),1)) -> 1 | H19: =IF(INDEX(Keys!$F:$F,MATCH($A19,Keys!$D:$D,0))="Y",0,IF($B28=1,IF(INDEX(Keys!$E:$E,MATCH($A19,Keys!$D:$D,0))="Y",1,0),1)) -> 1 | I19: =IF(INDEX(Keys!$F:$F,MATCH($A19,Keys!$D:$D,0))="Y",0,IF($B28=1,IF(INDEX(Keys!$E:$E,MATCH($A19,Keys!$D:$D,0))="Y",1,0),1)) -> 1 | ... AE19: =IF(INDEX(Keys!$F:$F,MATCH($A19,Keys!$D:$D,0))="Y",0,IF($B28=1,IF(INDEX(Keys!$E:$E,MATCH($A19,Keys!$D:$D,0))="Y",1,0),1)) -> 1
A20: =Keys!$D20 -> other machinery 28 | B20: =IF(INDEX(Keys!$F:$F,MATCH($A20,Keys!$D:$D,0))="Y",0,IF($B28=1,IF(INDEX(Keys!$E:$E,MATCH($A20,Keys!$D:$D,0))="Y",1,0),1)) -> 1 | C20: =IF(INDEX(Keys!$F:$F,MATCH($A20,Keys!$D:$D,0))="Y",0,IF($B28=1,IF(INDEX(Keys!$E:$E,MATCH($A20,Keys!$D:$D,0))="Y",1,0),1)) -> 1 | D20: =IF(INDEX(Keys!$F:$F,MATCH($A20,Keys!$D:$D,0))="Y",0,IF($B28=1,IF(INDEX(Keys!$E:$E,MATCH($A20,Keys!$D:$D,0))="Y",1,0),1)) -> 1 | E20: =IF(INDEX(Keys!$F:$F,MATCH($A20,Keys!$D:$D,0))="Y",0,IF($B28=1,IF(INDEX(Keys!$E:$E,MATCH($A20,Keys!$D:$D,0))="Y",1,0),1)) -> 1 | F20: =IF(INDEX(Keys!$F:$F,MATCH($A20,Keys!$D:$D,0))="Y",0,IF($B28=1,IF(INDEX(Keys!$E:$E,MATCH($A20,Keys!$D:$D,0))="Y",1,0),1)) -> 1 | G20: =IF(INDEX(Keys!$F:$F,MATCH($A20,Keys!$D:$D,0))="Y",0,IF($B28=1,IF(INDEX(Keys!$E:$E,MATCH($A20,Keys!$D:$D,0))="Y",1,0),1)) -> 1 | H20: =IF(INDEX(Keys!$F:$F,MATCH($A20,Keys!$D:$D,0))="Y",0,IF($B28=1,IF(INDEX(Keys!$E:$E,MATCH($A20,Keys!$D:$D,0))="Y",1,0),1)) -> 1 | I20: =IF(INDEX(Keys!$F:$F,MATCH($A20,Keys!$D:$D,0))="Y",0,IF($B28=1,IF(INDEX(Keys!$E:$E,MATCH($A20,Keys!$D:$D,0))="Y",1,0),1)) -> 1 | ... AE20: =IF(INDEX(Keys!$F:$F,MATCH($A20,Keys!$D:$D,0))="Y",0,IF($B28=1,IF(INDEX(Keys!$E:$E,MATCH($A20,Keys!$D:$D,0))="Y",1,0),1)) -> 1
A21: =Keys!$D21 -> road vehicles 29 | B21: =IF(INDEX(Keys!$F:$F,MATCH($A21,Keys!$D:$D,0))="Y",0,IF($B28=1,IF(INDEX(Keys!$E:$E,MATCH($A21,Keys!$D:$D,0))="Y",1,0),1)) -> 1 | C21: =IF(INDEX(Keys!$F:$F,MATCH($A21,Keys!$D:$D,0))="Y",0,IF($B28=1,IF(INDEX(Keys!$E:$E,MATCH($A21,Keys!$D:$D,0))="Y",1,0),1)) -> 1 | D21: =IF(INDEX(Keys!$F:$F,MATCH($A21,Keys!$D:$D,0))="Y",0,IF($B28=1,IF(INDEX(Keys!$E:$E,MATCH($A21,Keys!$D:$D,0))="Y",1,0),1)) -> 1 | E21: =IF(INDEX(Keys!$F:$F,MATCH($A21,Keys!$D:$D,0))="Y",0,IF($B28=1,IF(INDEX(Keys!$E:$E,MATCH($A21,Keys!$D:$D,0))="Y",1,0),1)) -> 1 | F21: =IF(INDEX(Keys!$F:$F,MATCH($A21,Keys!$D:$D,0))="Y",0,IF($B28=1,IF(INDEX(Keys!$E:$E,MATCH($A21,Keys!$D:$D,0))="Y",1,0),1)) -> 1 | G21: =IF(INDEX(Keys!$F:$F,MATCH($A21,Keys!$D:$D,0))="Y",0,IF($B28=1,IF(INDEX(Keys!$E:$E,MATCH($A21,Keys!$D:$D,0))="Y",1,0),1)) -> 1 | H21: =IF(INDEX(Keys!$F:$F,MATCH($A21,Keys!$D:$D,0))="Y",0,IF($B28=1,IF(INDEX(Keys!$E:$E,MATCH($A21,Keys!$D:$D,0))="Y",1,0),1)) -> 1 | I21: =IF(INDEX(Keys!$F:$F,MATCH($A21,Keys!$D:$D,0))="Y",0,IF($B28=1,IF(INDEX(Keys!$E:$E,MATCH($A21,Keys!$D:$D,0))="Y",1,0),1)) -> 1 | ... AE21: =IF(INDEX(Keys!$F:$F,MATCH($A21,Keys!$D:$D,0))="Y",0,IF($B28=1,IF(INDEX(Keys!$E:$E,MATCH($A21,Keys!$D:$D,0))="Y",1,0),1)) -> 1
A22: =Keys!$D22 -> nonroad vehicles 30 | B22: =IF(INDEX(Keys!$F:$F,MATCH($A22,Keys!$D:$D,0))="Y",0,IF($B28=1,IF(INDEX(Keys!$E:$E,MATCH($A22,Keys!$D:$D,0))="Y",1,0),1)) -> 1 | C22: =IF(INDEX(Keys!$F:$F,MATCH($A22,Keys!$D:$D,0))="Y",0,IF($B28=1,IF(INDEX(Keys!$E:$E,MATCH($A22,Keys!$D:$D,0))="Y",1,0),1)) -> 1 | D22: =IF(INDEX(Keys!$F:$F,MATCH($A22,Keys!$D:$D,0))="Y",0,IF($B28=1,IF(INDEX(Keys!$E:$E,MATCH($A22,Keys!$D:$D,0))="Y",1,0),1)) -> 1 | E22: =IF(INDEX(Keys!$F:$F,MATCH($A22,Keys!$D:$D,0))="Y",0,IF($B28=1,IF(INDEX(Keys!$E:$E,MATCH($A22,Keys!$D:$D,0))="Y",1,0),1)) -> 1 | F22: =IF(INDEX(Keys!$F:$F,MATCH($A22,Keys!$D:$D,0))="Y",0,IF($B28=1,IF(INDEX(Keys!$E:$E,MATCH($A22,Keys!$D:$D,0))="Y",1,0),1)) -> 1 | G22: =IF(INDEX(Keys!$F:$F,MATCH($A22,Keys!$D:$D,0))="Y",0,IF($B28=1,IF(INDEX(Keys!$E:$E,MATCH($A22,Keys!$D:$D,0))="Y",1,0),1)) -> 1 | H22: =IF(INDEX(Keys!$F:$F,MATCH($A22,Keys!$D:$D,0))="Y",0,IF($B28=1,IF(INDEX(Keys!$E:$E,MATCH($A22,Keys!$D:$D,0))="Y",1,0),1)) -> 1 | I22: =IF(INDEX(Keys!$F:$F,MATCH($A22,Keys!$D:$D,0))="Y",0,IF($B28=1,IF(INDEX(Keys!$E:$E,MATCH($A22,Keys!$D:$D,0))="Y",1,0),1)) -> 1 | ... AE22: =IF(INDEX(Keys!$F:$F,MATCH($A22,Keys!$D:$D,0))="Y",0,IF($B28=1,IF(INDEX(Keys!$E:$E,MATCH($A22,Keys!$D:$D,0))="Y",1,0),1)) -> 1
A23: =Keys!$D23 -> other manufacturing 31T33 | B23: =IF(INDEX(Keys!$F:$F,MATCH($A23,Keys!$D:$D,0))="Y",0,IF($B28=1,IF(INDEX(Keys!$E:$E,MATCH($A23,Keys!$D:$D,0))="Y",1,0),1)) -> 1 | C23: =IF(INDEX(Keys!$F:$F,MATCH($A23,Keys!$D:$D,0))="Y",0,IF($B28=1,IF(INDEX(Keys!$E:$E,MATCH($A23,Keys!$D:$D,0))="Y",1,0),1)) -> 1 | D23: =IF(INDEX(Keys!$F:$F,MATCH($A23,Keys!$D:$D,0))="Y",0,IF($B28=1,IF(INDEX(Keys!$E:$E,MATCH($A23,Keys!$D:$D,0))="Y",1,0),1)) -> 1 | E23: =IF(INDEX(Keys!$F:$F,MATCH($A23,Keys!$D:$D,0))="Y",0,IF($B28=1,IF(INDEX(Keys!$E:$E,MATCH($A23,Keys!$D:$D,0))="Y",1,0),1)) -> 1 | F23: =IF(INDEX(Keys!$F:$F,MATCH($A23,Keys!$D:$D,0))="Y",0,IF($B28=1,IF(INDEX(Keys!$E:$E,MATCH($A23,Keys!$D:$D,0))="Y",1,0),1)) -> 1 | G23: =IF(INDEX(Keys!$F:$F,MATCH($A23,Keys!$D:$D,0))="Y",0,IF($B28=1,IF(INDEX(Keys!$E:$E,MATCH($A23,Keys!$D:$D,0))="Y",1,0),1)) -> 1 | H23: =IF(INDEX(Keys!$F:$F,MATCH($A23,Keys!$D:$D,0))="Y",0,IF($B28=1,IF(INDEX(Keys!$E:$E,MATCH($A23,Keys!$D:$D,0))="Y",1,0),1)) -> 1 | I23: =IF(INDEX(Keys!$F:$F,MATCH($A23,Keys!$D:$D,0))="Y",0,IF($B28=1,IF(INDEX(Keys!$E:$E,MATCH($A23,Keys!$D:$D,0))="Y",1,0),1)) -> 1 | ... AE23: =IF(INDEX(Keys!$F:$F,MATCH($A23,Keys!$D:$D,0))="Y",0,IF($B28=1,IF(INDEX(Keys!$E:$E,MATCH($A23,Keys!$D:$D,0))="Y",1,0),1)) -> 1
A24: =Keys!$D24 -> energy pipelines and gas processing 352T353 | B24: =IF(INDEX(Keys!$F:$F,MATCH($A24,Keys!$D:$D,0))="Y",0,IF($B28=1,IF(INDEX(Keys!$E:$E,MATCH($A24,Keys!$D:$D,0))="Y",1,0),1)) -> 1 | C24: =IF(INDEX(Keys!$F:$F,MATCH($A24,Keys!$D:$D,0))="Y",0,IF($B28=1,IF(INDEX(Keys!$E:$E,MATCH($A24,Keys!$D:$D,0))="Y",1,0),1)) -> 1 | D24: =IF(INDEX(Keys!$F:$F,MATCH($A24,Keys!$D:$D,0))="Y",0,IF($B28=1,IF(INDEX(Keys!$E:$E,MATCH($A24,Keys!$D:$D,0))="Y",1,0),1)) -> 1 | E24: =IF(INDEX(Keys!$F:$F,MATCH($A24,Keys!$D:$D,0))="Y",0,IF($B28=1,IF(INDEX(Keys!$E:$E,MATCH($A24,Keys!$D:$D,0))="Y",1,0),1)) -> 1 | F24: =IF(INDEX(Keys!$F:$F,MATCH($A24,Keys!$D:$D,0))="Y",0,IF($B28=1,IF(INDEX(Keys!$E:$E,MATCH($A24,Keys!$D:$D,0))="Y",1,0),1)) -> 1 | G24: =IF(INDEX(Keys!$F:$F,MATCH($A24,Keys!$D:$D,0))="Y",0,IF($B28=1,IF(INDEX(Keys!$E:$E,MATCH($A24,Keys!$D:$D,0))="Y",1,0),1)) -> 1 | H24: =IF(INDEX(Keys!$F:$F,MATCH($A24,Keys!$D:$D,0))="Y",0,IF($B28=1,IF(INDEX(Keys!$E:$E,MATCH($A24,Keys!$D:$D,0))="Y",1,0),1)) -> 1 | I24: =IF(INDEX(Keys!$F:$F,MATCH($A24,Keys!$D:$D,0))="Y",0,IF($B28=1,IF(INDEX(Keys!$E:$E,MATCH($A24,Keys!$D:$D,0))="Y",1,0),1)) -> 1 | ... AE24: =IF(INDEX(Keys!$F:$F,MATCH($A24,Keys!$D:$D,0))="Y",0,IF($B28=1,IF(INDEX(Keys!$E:$E,MATCH($A24,Keys!$D:$D,0))="Y",1,0),1)) -> 1
A25: =Keys!$D25 -> water and waste 36T39 | B25: =IF(INDEX(Keys!$F:$F,MATCH($A25,Keys!$D:$D,0))="Y",0,IF($B28=1,IF(INDEX(Keys!$E:$E,MATCH($A25,Keys!$D:$D,0))="Y",1,0),1)) -> 0 | C25: =IF(INDEX(Keys!$F:$F,MATCH($A25,Keys!$D:$D,0))="Y",0,IF($B28=1,IF(INDEX(Keys!$E:$E,MATCH($A25,Keys!$D:$D,0))="Y",1,0),1)) -> 0 | D25: =IF(INDEX(Keys!$F:$F,MATCH($A25,Keys!$D:$D,0))="Y",0,IF($B28=1,IF(INDEX(Keys!$E:$E,MATCH($A25,Keys!$D:$D,0))="Y",1,0),1)) -> 0 | E25: =IF(INDEX(Keys!$F:$F,MATCH($A25,Keys!$D:$D,0))="Y",0,IF($B28=1,IF(INDEX(Keys!$E:$E,MATCH($A25,Keys!$D:$D,0))="Y",1,0),1)) -> 0 | F25: =IF(INDEX(Keys!$F:$F,MATCH($A25,Keys!$D:$D,0))="Y",0,IF($B28=1,IF(INDEX(Keys!$E:$E,MATCH($A25,Keys!$D:$D,0))="Y",1,0),1)) -> 0 | G25: =IF(INDEX(Keys!$F:$F,MATCH($A25,Keys!$D:$D,0))="Y",0,IF($B28=1,IF(INDEX(Keys!$E:$E,MATCH($A25,Keys!$D:$D,0))="Y",1,0),1)) -> 0 | H25: =IF(INDEX(Keys!$F:$F,MATCH($A25,Keys!$D:$D,0))="Y",0,IF($B28=1,IF(INDEX(Keys!$E:$E,MATCH($A25,Keys!$D:$D,0))="Y",1,0),1)) -> 0 | I25: =IF(INDEX(Keys!$F:$F,MATCH($A25,Keys!$D:$D,0))="Y",0,IF($B28=1,IF(INDEX(Keys!$E:$E,MATCH($A25,Keys!$D:$D,0))="Y",1,0),1)) -> 0 | ... AE25: =IF(INDEX(Keys!$F:$F,MATCH($A25,Keys!$D:$D,0))="Y",0,IF($B28=1,IF(INDEX(Keys!$E:$E,MATCH($A25,Keys!$D:$D,0))="Y",1,0),1)) -> 0
A26: =Keys!$D26 -> construction 41T43 | B26: =IF(INDEX(Keys!$F:$F,MATCH($A26,Keys!$D:$D,0))="Y",0,IF($B28=1,IF(INDEX(Keys!$E:$E,MATCH($A26,Keys!$D:$D,0))="Y",1,0),1)) -> 1 | C26: =IF(INDEX(Keys!$F:$F,MATCH($A26,Keys!$D:$D,0))="Y",0,IF($B28=1,IF(INDEX(Keys!$E:$E,MATCH($A26,Keys!$D:$D,0))="Y",1,0),1)) -> 1 | D26: =IF(INDEX(Keys!$F:$F,MATCH($A26,Keys!$D:$D,0))="Y",0,IF($B28=1,IF(INDEX(Keys!$E:$E,MATCH($A26,Keys!$D:$D,0))="Y",1,0),1)) -> 1 | E26: =IF(INDEX(Keys!$F:$F,MATCH($A26,Keys!$D:$D,0))="Y",0,IF($B28=1,IF(INDEX(Keys!$E:$E,MATCH($A26,Keys!$D:$D,0))="Y",1,0),1)) -> 1 | F26: =IF(INDEX(Keys!$F:$F,MATCH($A26,Keys!$D:$D,0))="Y",0,IF($B28=1,IF(INDEX(Keys!$E:$E,MATCH($A26,Keys!$D:$D,0))="Y",1,0),1)) -> 1 | G26: =IF(INDEX(Keys!$F:$F,MATCH($A26,Keys!$D:$D,0))="Y",0,IF($B28=1,IF(INDEX(Keys!$E:$E,MATCH($A26,Keys!$D:$D,0))="Y",1,0),1)) -> 1 | H26: =IF(INDEX(Keys!$F:$F,MATCH($A26,Keys!$D:$D,0))="Y",0,IF($B28=1,IF(INDEX(Keys!$E:$E,MATCH($A26,Keys!$D:$D,0))="Y",1,0),1)) -> 1 | I26: =IF(INDEX(Keys!$F:$F,MATCH($A26,Keys!$D:$D,0))="Y",0,IF($B28=1,IF(INDEX(Keys!$E:$E,MATCH($A26,Keys!$D:$D,0))="Y",1,0),1)) -> 1 | ... AE26: =IF(INDEX(Keys!$F:$F,MATCH($A26,Keys!$D:$D,0))="Y",0,IF($B28=1,IF(INDEX(Keys!$E:$E,MATCH($A26,Keys!$D:$D,0))="Y",1,0),1)) -> 1
A28: active-state adjustment flag (1 = 'Adjustments to BFoICStCT' = Y for About!B1 on State Policies) | B28: =IF(COUNTIFS('State Policies'!$J:$J,About!$B$2,'State Policies'!$I:$I,"Y")>0,1,0) -> 0

Sheet BFoICStCT
A1: ='State Calculations'!A1 -> Unit: dimensionless | B1: ='State Calculations'!B1 -> 2021 | C1: ='State Calculations'!C1 -> 2022 | D1: ='State Calculations'!D1 -> 2023 | E1: ='State Calculations'!E1 -> 2024 | F1: ='State Calculations'!F1 -> 2025 | G1: ='State Calculations'!G1 -> 2026 | H1: ='State Calculations'!H1 -> 2027 | ... AE1: ='State Calculations'!AE1 -> 2050
A2: ='State Calculations'!A2 -> agriculture and forestry 01T03 | B2: ='State Calculations'!B2 -> 0 | C2: ='State Calculations'!C2 -> 0 | D2: ='State Calculations'!D2 -> 0 | E2: ='State Calculations'!E2 -> 0 | F2: ='State Calculations'!F2 -> 0 | G2: ='State Calculations'!G2 -> 0 | H2: ='State Calculations'!H2 -> 0 | ... AE2: ='State Calculations'!AE2 -> 0
A3: ='State Calculations'!A3 -> coal mining 05 | B3: ='State Calculations'!B3 -> 1 | C3: ='State Calculations'!C3 -> 1 | D3: ='State Calculations'!D3 -> 1 | E3: ='State Calculations'!E3 -> 1 | F3: ='State Calculations'!F3 -> 1 | G3: ='State Calculations'!G3 -> 1 | H3: ='State Calculations'!H3 -> 1 | ... AE3: ='State Calculations'!AE3 -> 1
A4: ='State Calculations'!A4 -> oil and gas extraction 06 | B4: ='State Calculations'!B4 -> 1 | C4: ='State Calculations'!C4 -> 1 | D4: ='State Calculations'!D4 -> 1 | E4: ='State Calculations'!E4 -> 1 | F4: ='State Calculations'!F4 -> 1 | G4: ='State Calculations'!G4 -> 1 | H4: ='State Calculations'!H4 -> 1 | ... AE4: ='State Calculations'!AE4 -> 1
A5: ='State Calculations'!A5 -> other mining and quarrying 07T08 | B5: ='State Calculations'!B5 -> 1 | C5: ='State Calculations'!C5 -> 1 | D5: ='State Calculations'!D5 -> 1 | E5: ='State Calculations'!E5 -> 1 | F5: ='State Calculations'!F5 -> 1 | G5: ='State Calculations'!G5 -> 1 | H5: ='State Calculations'!H5 -> 1 | ... AE5: ='State Calculations'!AE5 -> 1
A6: ='State Calculations'!A6 -> food beverage and tobacco 10T12 | B6: ='State Calculations'!B6 -> 1 | C6: ='State Calculations'!C6 -> 1 | D6: ='State Calculations'!D6 -> 1 | E6: ='State Calculations'!E6 -> 1 | F6: ='State Calculations'!F6 -> 1 | G6: ='State Calculations'!G6 -> 1 | H6: ='State Calculations'!H6 -> 1 | ... AE6: ='State Calculations'!AE6 -> 1
A7: ='State Calculations'!A7 -> textiles apparel and leather 13T15 | B7: ='State Calculations'!B7 -> 1 | C7: ='State Calculations'!C7 -> 1 | D7: ='State Calculations'!D7 -> 1 | E7: ='State Calculations'!E7 -> 1 | F7: ='State Calculations'!F7 -> 1 | G7: ='State Calculations'!G7 -> 1 | H7: ='State Calculations'!H7 -> 1 | ... AE7: ='State Calculations'!AE7 -> 1
A8: ='State Calculations'!A8 -> wood products 16 | B8: ='State Calculations'!B8 -> 1 | C8: ='State Calculations'!C8 -> 1 | D8: ='State Calculations'!D8 -> 1 | E8: ='State Calculations'!E8 -> 1 | F8: ='State Calculations'!F8 -> 1 | G8: ='State Calculations'!G8 -> 1 | H8: ='State Calculations'!H8 -> 1 | ... AE8: ='State Calculations'!AE8 -> 1
A9: ='State Calculations'!A9 -> pulp paper and printing 17T18 | B9: ='State Calculations'!B9 -> 1 | C9: ='State Calculations'!C9 -> 1 | D9: ='State Calculations'!D9 -> 1 | E9: ='State Calculations'!E9 -> 1 | F9: ='State Calculations'!F9 -> 1 | G9: ='State Calculations'!G9 -> 1 | H9: ='State Calculations'!H9 -> 1 | ... AE9: ='State Calculations'!AE9 -> 1
A10: ='State Calculations'!A10 -> refined petroleum and coke 19 | B10: ='State Calculations'!B10 -> 1 | C10: ='State Calculations'!C10 -> 1 | D10: ='State Calculations'!D10 -> 1 | E10: ='State Calculations'!E10 -> 1 | F10: ='State Calculations'!F10 -> 1 | G10: ='State Calculations'!G10 -> 1 | H10: ='State Calculations'!H10 -> 1 | ... AE10: ='State Calculations'!AE10 -> 1
A11: ='State Calculations'!A11 -> chemicals 20 | B11: ='State Calculations'!B11 -> 1 | C11: ='State Calculations'!C11 -> 1 | D11: ='State Calculations'!D11 -> 1 | E11: ='State Calculations'!E11 -> 1 | F11: ='State Calculations'!F11 -> 1 | G11: ='State Calculations'!G11 -> 1 | H11: ='State Calculations'!H11 -> 1 | ... AE11: ='State Calculations'!AE11 -> 1
A12: ='State Calculations'!A12 -> rubber and plastic products 22 | B12: ='State Calculations'!B12 -> 1 | C12: ='State Calculations'!C12 -> 1 | D12: ='State Calculations'!D12 -> 1 | E12: ='State Calculations'!E12 -> 1 | F12: ='State Calculations'!F12 -> 1 | G12: ='State Calculations'!G12 -> 1 | H12: ='State Calculations'!H12 -> 1 | ... AE12: ='State Calculations'!AE12 -> 1
... A26: ='State Calculations'!A26 -> construction 41T43 | B26: ='State Calculations'!B26 -> 1 | C26: ='State Calculations'!C26 -> 1 | D26: ='State Calculations'!D26 -> 1 | E26: ='State Calculations'!E26 -> 1 | F26: ='State Calculations'!F26 -> 1 | G26: ='State Calculations'!G26 -> 1 | H26: ='State Calculations'!H26 -> 1 | ... AE26: ='State Calculations'!AE26 -> 1
